﻿Rk,Player,Tm,BoxOuts,OFFBoxOuts,DEFBoxOuts,TeamRebOnBoxOuts,PlayerRebOnBoxOuts,%BoxOutsOFF,%BoxOutsDEF,%TeamRebWhenBoxOut,%PlayerRebWhenBoxOut
1,Precious Achiuwa,TOR,99,28,71,85,48,28.3,71.7,92.4,52.2
2,Steven Adams,MEM,290,135,155,242,155,46.6,53.4,94.9,60.8
3,Bam Adebayo,MIA,181,31,150,156,89,17.1,82.9,96.9,55.3
4,Santi Aldama,MEM,15,5,10,15,7,33.3,66.7,100,46.7
5,LaMarcus Aldridge,BRK,99,23,76,81,53,23.2,76.8,92,60.2
6,Nickeil Alexander-Walker,TOT,25,4,21,21,7,16,84,95.5,31.8
6,Nickeil Alexander-Walker,NOP,25,4,21,21,7,16,84,95.5,31.8
6,Nickeil Alexander-Walker,UTA,0,0,0,0,0,0,0,0,0
7,Grayson Allen,MIL,32,2,30,30,11,6.3,93.8,93.8,34.4
8,Jarrett Allen,CLE,133,37,96,120,86,27.8,72.2,100,71.7
9,Jose Alvarado,NOP,15,0,15,15,4,0,100,100,26.7
10,Justin Anderson,TOT,2,0,2,2,1,0,100,100,50
10,Justin Anderson,CLE,0,0,0,0,0,0,0,0,0
10,Justin Anderson,IND,2,0,2,2,1,0,100,100,50
11,Kyle Anderson,MEM,50,8,42,41,21,16,84,95.3,48.8
12,Giannis Antetokounmpo,MIL,102,29,73,90,67,28.4,71.6,97.8,72.8
13,Thanasis Antetokounmpo,MIL,13,5,8,11,8,38.5,61.5,100,72.7
14,Carmelo Anthony,LAL,108,22,86,88,42,20.4,79.6,93.6,44.7
15,Cole Anthony,ORL,9,0,9,9,6,0,100,100,66.7
16,OG Anunoby,TOR,66,9,57,58,27,13.6,86.4,96.7,45
17,Ryan Arcidiacono,NYK,0,0,0,0,0,0,0,0,0
18,Trevor Ariza,LAL,10,0,10,8,3,0,100,80,30
19,D.J. Augustin,TOT,7,0,7,6,2,0,100,85.7,28.6
19,D.J. Augustin,HOU,3,0,3,3,1,0,100,100,33.3
19,D.J. Augustin,LAL,4,0,4,3,1,0,100,75,25
20,Deni Avdija,WAS,35,5,30,33,19,14.3,85.7,97.1,55.9
21,Joel Ayayi,WAS,0,0,0,0,0,0,0,0,0
22,Deandre Ayton,PHO,85,18,67,71,54,21.2,78.8,94.7,72
23,Udoka Azubuike,UTA,13,1,12,9,5,7.7,92.3,90,50
24,Marvin Bagley III,TOT,53,13,40,43,26,24.5,75.5,100,60.5
24,Marvin Bagley III,DET,26,6,20,22,11,23.1,76.9,100,50
24,Marvin Bagley III,SAC,27,7,20,21,15,25.9,74.1,100,71.4
25,LaMelo Ball,CHO,15,3,12,15,10,20,80,100,66.7
26,Lonzo Ball,CHI,13,3,10,9,3,23.1,76.9,81.8,27.3
27,Mo Bamba,ORL,120,41,79,112,72,34.2,65.8,96.6,62.1
28,Desmond Bane,MEM,20,1,19,17,3,5,95,89.5,15.8
29,Dalano Banton,TOR,12,1,11,10,2,8.3,91.7,83.3,16.7
30,Cat Barber,ATL,0,0,0,0,0,0,0,0,0
31,Harrison Barnes,SAC,76,8,68,70,35,10.5,89.5,97.2,48.6
32,Scottie Barnes,TOR,112,21,91,99,43,18.8,81.3,92.5,40.2
33,RJ Barrett,NYK,22,2,20,21,14,9.1,90.9,95.5,63.6
34,Will Barton,DEN,5,1,4,5,2,20,80,100,40
35,Paris Bass,PHO,1,0,1,0,0,0,100,0,0
36,Charles Bassey,PHI,6,2,4,6,5,33.3,66.7,100,83.3
37,Keita Bates-Diop,SAS,23,3,20,13,4,13,87,86.7,26.7
38,Nicolas Batum,LAC,20,0,20,13,10,0,100,100,76.9
39,Kent Bazemore,LAL,8,1,7,7,2,12.5,87.5,100,28.6
40,Darius Bazley,OKC,34,2,32,27,16,5.9,94.1,96.4,57.1
41,Bradley Beal,WAS,12,0,12,11,6,0,100,91.7,50
42,Malik Beasley,MIN,24,0,24,21,7,0,100,95.5,31.8
43,Jordan Bell,CHI,0,0,0,0,0,0,0,0,0
44,DeAndre' Bembry,TOT,12,1,11,10,4,8.3,91.7,90.9,36.4
44,DeAndre' Bembry,BRK,12,1,11,10,4,8.3,91.7,90.9,36.4
44,DeAndre' Bembry,MIL,0,0,0,0,0,0,0,0,0
45,Davis Bertans,TOT,41,1,40,35,9,2.4,97.6,89.7,23.1
45,Davis Bertans,DAL,10,0,10,8,1,0,100,88.9,11.1
45,Davis Bertans,WAS,31,1,30,27,8,3.2,96.8,90,26.7
46,Patrick Beverley,MIN,8,0,8,7,2,0,100,87.5,25
47,Saddiq Bey,DET,81,11,70,74,33,13.6,86.4,98.7,44
48,Khem Birch,TOR,80,10,70,63,22,12.5,87.5,91.3,31.9
49,Goga Bitadze,IND,63,18,45,56,29,28.6,71.4,98.2,50.9
50,Bismack Biyombo,PHO,47,15,32,35,18,31.9,68.1,85.4,43.9
51,Nemanja Bjelica,GSW,42,6,36,38,21,14.3,85.7,97.4,53.8
52,Eric Bledsoe,LAC,24,1,23,23,7,4.2,95.8,100,30.4
53,Keljin Blevins,POR,7,0,7,5,1,0,100,100,20
54,Bogdan Bogdanovic,ATL,47,1,46,41,15,2.1,97.9,95.3,34.9
55,Bojan Bogdanovic,UTA,55,8,47,42,18,14.5,85.5,93.3,40
56,Bol Bol,DEN,1,0,1,0,0,0,100,0,0
57,Leandro Bolmaro,MIN,7,0,7,7,2,0,100,100,28.6
58,Isaac Bonga,TOR,6,0,6,5,1,0,100,100,20
59,Devin Booker,PHO,53,5,48,44,12,9.4,90.6,93.6,25.5
60,Brandon Boston Jr.,LAC,20,0,20,17,5,0,100,94.4,27.8
61,Chris Boucher,TOR,40,17,23,38,28,42.5,57.5,97.4,71.8
62,James Bouknight,CHO,7,2,5,6,2,28.6,71.4,100,33.3
63,Avery Bradley,LAL,44,4,40,36,7,9.1,90.9,85.7,16.7
64,Tony Bradley,CHI,77,27,50,61,35,35.1,64.9,93.8,53.8
65,Ignas Brazdeikis,ORL,11,1,10,9,2,9.1,90.9,90,20
66,Mikal Bridges,PHO,47,1,46,43,13,2.1,97.9,100,30.2
67,Miles Bridges,CHO,100,8,92,78,37,8,92,96.3,45.7
68,Oshae Brissett,IND,43,9,34,34,20,20.9,79.1,97.1,57.1
69,Malcolm Brogdon,IND,12,1,11,10,4,8.3,91.7,90.9,36.4
70,Armoni Brooks,TOT,4,0,4,3,1,0,100,75,25
70,Armoni Brooks,HOU,3,0,3,2,0,0,100,66.7,0
70,Armoni Brooks,TOR,1,0,1,1,1,0,100,100,100
71,Dillon Brooks,MEM,16,2,14,16,5,12.5,87.5,100,31.3
72,Bruce Brown,BRK,30,6,24,26,15,20,80,92.9,53.6
73,Charlie Brown Jr.,TOT,5,1,4,5,2,20,80,100,40
73,Charlie Brown Jr.,DAL,2,0,2,2,1,0,100,100,50
73,Charlie Brown Jr.,PHI,3,1,2,3,1,33.3,66.7,100,33.3
74,Chaundee Brown Jr.,TOT,7,0,7,5,2,0,100,83.3,33.3
74,Chaundee Brown Jr.,ATL,6,0,6,4,1,0,100,80,20
74,Chaundee Brown Jr.,LAL,1,0,1,1,1,0,100,100,100
75,Greg Brown III,POR,22,1,21,21,9,4.5,95.5,95.5,40.9
76,Jaylen Brown,BOS,59,7,52,50,24,11.9,88.1,96.2,46.2
77,Moses Brown,TOT,31,11,20,30,20,35.5,64.5,100,66.7
77,Moses Brown,CLE,18,8,10,18,13,44.4,55.6,100,72.2
77,Moses Brown,DAL,13,3,10,12,7,23.1,76.9,100,58.3
78,Sterling Brown,DAL,41,3,38,32,8,7.3,92.7,94.1,23.5
79,Troy Brown Jr.,CHI,36,1,35,34,15,2.8,97.2,94.4,41.7
80,Jalen Brunson,DAL,43,1,42,39,10,2.3,97.7,95.1,24.4
81,Thomas Bryant,WAS,35,4,31,30,23,11.4,88.6,93.8,71.9
82,Shaq Buchanan,MEM,0,0,0,0,0,0,0,0,0
83,Reggie Bullock,DAL,25,2,23,21,9,8,92,100,42.9
84,Trey Burke,DAL,3,0,3,3,2,0,100,100,66.7
85,Alec Burks,NYK,18,0,18,15,5,0,100,100,33.3
86,Jared Butler,UTA,4,0,4,4,4,0,100,100,100
87,Jimmy Butler,MIA,63,18,45,58,29,28.6,71.4,95.1,47.5
88,Devontae Cacok,SAS,5,1,4,5,5,20,80,100,100
89,Kentavious Caldwell-Pope,WAS,53,5,48,42,12,9.4,90.6,87.5,25
90,Facundo Campazzo,DEN,10,0,10,8,4,0,100,88.9,44.4
91,Vlatko Cancar,DEN,1,0,1,1,0,0,100,100,0
92,Devin Cannady,ORL,3,0,3,3,0,0,100,100,0
93,Clint Capela,ATL,223,51,172,201,141,22.9,77.1,97.1,68.1
94,Vernon Carey Jr.,TOT,5,3,2,5,4,60,40,100,80
94,Vernon Carey Jr.,CHO,2,1,1,2,1,50,50,100,50
94,Vernon Carey Jr.,WAS,3,2,1,3,3,66.7,33.3,100,100
95,Jevon Carter,TOT,7,0,7,6,3,0,100,85.7,42.9
95,Jevon Carter,BRK,7,0,7,6,3,0,100,85.7,42.9
95,Jevon Carter,MIL,0,0,0,0,0,0,0,0,0
96,Wendell Carter Jr.,ORL,112,28,84,94,61,25,75,94,61
97,Alex Caruso,CHI,21,0,21,21,10,0,100,100,47.6
98,Willie Cauley-Stein,TOT,14,0,14,11,5,0,100,91.7,41.7
98,Willie Cauley-Stein,DAL,14,0,14,11,5,0,100,91.7,41.7
98,Willie Cauley-Stein,PHI,0,0,0,0,0,0,0,0,0
99,Ahmad Caver,IND,0,0,0,0,0,0,0,0,0
100,Justin Champagnie,TOR,3,2,1,3,3,66.7,33.3,100,100
101,Zylan Cheatham,UTA,0,0,0,0,0,0,0,0,0
102,Chris Chiozza,GSW,4,0,4,2,0,0,100,66.7,0
103,Marquese Chriss,DAL,23,5,18,21,13,21.7,78.3,100,61.9
104,Josh Christopher,HOU,9,2,7,8,5,22.2,77.8,100,62.5
105,Gary Clark,NOP,23,2,21,19,12,8.7,91.3,100,63.2
106,Brandon Clarke,MEM,111,32,79,95,45,28.8,71.2,94.1,44.6
107,Jordan Clarkson,UTA,28,2,26,24,8,7.1,92.9,96,32
108,Nic Claxton,BRK,86,27,59,76,49,31.4,68.6,97.4,62.8
109,Amir Coffey,LAC,22,1,21,19,7,4.5,95.5,95,35
110,John Collins,ATL,96,20,76,82,45,20.8,79.2,95.3,52.3
111,Zach Collins,SAS,46,12,34,39,22,26.1,73.9,95.1,53.7
112,Darren Collison,LAL,0,0,0,0,0,0,0,0,0
113,Mike Conley,UTA,19,0,19,16,8,0,100,88.9,44.4
114,Pat Connaughton,MIL,69,6,63,57,16,8.7,91.3,95,26.7
115,Tyler Cook,CHI,17,5,12,13,8,29.4,70.6,92.9,57.1
116,Sharife Cooper,ATL,0,0,0,0,0,0,0,0,0
117,Petr Cornelie,DEN,5,2,3,5,2,40,60,100,40
118,DeMarcus Cousins,TOT,69,24,45,62,51,34.8,65.2,93.9,77.3
118,DeMarcus Cousins,DEN,31,15,16,29,28,48.4,51.6,93.5,90.3
118,DeMarcus Cousins,MIL,38,9,29,33,23,23.7,76.3,94.3,65.7
119,Robert Covington,TOT,50,9,41,40,22,18,82,93,51.2
119,Robert Covington,LAC,13,4,9,11,7,30.8,69.2,91.7,58.3
119,Robert Covington,POR,37,5,32,29,15,13.5,86.5,93.5,48.4
120,Torrey Craig,TOT,54,16,38,47,24,29.6,70.4,95.9,49
120,Torrey Craig,IND,37,13,24,31,16,35.1,64.9,93.9,48.5
120,Torrey Craig,PHO,17,3,14,16,8,17.6,82.4,100,50
121,Jae Crowder,PHO,62,4,58,54,30,6.5,93.5,96.4,53.6
122,Jarrett Culver,MEM,4,0,4,4,1,0,100,100,25
123,Jarron Cumberland,POR,0,0,0,0,0,0,0,0,0
124,Cade Cunningham,DET,51,6,45,43,20,11.8,88.2,93.5,43.5
125,Seth Curry,TOT,25,2,23,24,8,8,92,96,32
125,Seth Curry,BRK,7,1,6,6,2,14.3,85.7,85.7,28.6
125,Seth Curry,PHI,18,1,17,18,6,5.6,94.4,100,33.3
126,Stephen Curry,GSW,26,3,23,25,11,11.5,88.5,100,44
127,Anthony Davis,LAL,45,18,27,40,30,40,60,100,75
128,Ed Davis,CLE,25,3,22,21,5,12,88,91.3,21.7
129,Terence Davis,SAC,7,0,7,7,2,0,100,100,28.6
130,Gabriel Deck,OKC,1,0,1,1,0,0,100,100,0
131,Dewayne Dedmon,MIA,102,32,70,92,64,31.4,68.6,96.8,67.4
132,Sam Dekker,TOR,0,0,0,0,0,0,0,0,0
133,Javin DeLaurier,MIL,0,0,0,0,0,0,0,0,0
134,DeMar DeRozan,CHI,51,1,50,45,14,2,98,97.8,30.4
135,Mamadi Diakite,OKC,10,1,9,9,5,10,90,100,55.6
136,Cheick Diallo,DET,4,2,2,4,2,50,50,100,50
137,Hamidou Diallo,DET,21,3,18,18,10,14.3,85.7,94.7,52.6
138,Gorgui Dieng,ATL,36,11,25,34,24,30.6,69.4,97.1,68.6
139,Spencer Dinwiddie,TOT,35,2,33,31,15,5.7,94.3,96.9,46.9
139,Spencer Dinwiddie,DAL,11,0,11,9,3,0,100,90,30
139,Spencer Dinwiddie,WAS,24,2,22,22,12,8.3,91.7,100,54.5
140,Donte DiVincenzo,TOT,10,1,9,9,5,10,90,100,55.6
140,Donte DiVincenzo,MIL,7,1,6,6,4,14.3,85.7,100,66.7
140,Donte DiVincenzo,SAC,3,0,3,3,1,0,100,100,33.3
141,Luka Doncic,DAL,28,1,27,26,15,3.6,96.4,96.3,55.6
142,Luguentz Dort,OKC,25,3,22,23,9,12,88,100,39.1
143,Ayo Dosunmu,CHI,14,2,12,14,8,14.3,85.7,100,57.1
144,Damyean Dotson,NYK,2,1,1,1,1,50,50,50,50
145,Devon Dotson,CHI,2,0,2,2,0,0,100,100,0
146,Sekou Doumbouya,LAL,0,0,0,0,0,0,0,0,0
147,Jeff Dowtin,TOT,0,0,0,0,0,0,0,0,0
147,Jeff Dowtin,GSW,0,0,0,0,0,0,0,0,0
147,Jeff Dowtin,MIL,0,0,0,0,0,0,0,0,0
147,Jeff Dowtin,ORL,0,0,0,0,0,0,0,0,0
148,PJ Dozier,DEN,3,1,2,3,2,33.3,66.7,100,66.7
149,Goran Dragic,TOT,3,1,2,3,1,33.3,66.7,100,33.3
149,Goran Dragic,BRK,2,1,1,2,1,50,50,100,50
149,Goran Dragic,TOR,1,0,1,1,0,0,100,100,0
150,Andre Drummond,TOT,153,87,66,144,126,56.9,43.1,96,84
150,Andre Drummond,BRK,56,37,19,54,49,66.1,33.9,96.4,87.5
150,Andre Drummond,PHI,97,50,47,90,77,51.5,48.5,95.7,81.9
151,Chris Duarte,IND,7,0,7,7,5,0,100,100,71.4
152,David Duke Jr.,BRK,7,3,4,5,4,42.9,57.1,83.3,66.7
153,Kris Dunn,POR,3,0,3,3,1,0,100,100,33.3
154,Kevin Durant,BRK,44,3,41,38,19,6.8,93.2,100,50
155,Jaime Echenique,WAS,0,0,0,0,0,0,0,0,0
156,Anthony Edwards,MIN,8,0,8,8,4,0,100,100,50
157,Carsen Edwards,DET,0,0,0,0,0,0,0,0,0
158,Kessler Edwards,BRK,37,3,34,28,9,8.1,91.9,87.5,28.1
159,Rob Edwards,OKC,0,0,0,0,0,0,0,0,0
160,CJ Elleby,POR,16,1,15,14,7,6.3,93.8,100,50
161,Wayne Ellington,LAL,16,2,14,14,5,12.5,87.5,87.5,31.3
162,Joel Embiid,PHI,178,38,140,162,119,21.3,78.7,98.2,72.1
163,James Ennis III,TOT,4,2,2,3,2,50,50,100,66.7
163,James Ennis III,BRK,1,0,1,0,0,0,100,0,0
163,James Ennis III,DEN,1,1,0,1,1,100,0,100,100
163,James Ennis III,LAC,2,1,1,2,1,50,50,100,50
164,Drew Eubanks,TOT,101,22,79,81,46,21.8,78.2,93.1,52.9
164,Drew Eubanks,POR,44,8,36,38,22,18.2,81.8,95,55
164,Drew Eubanks,SAS,57,14,43,43,24,24.6,75.4,91.5,51.1
165,Tacko Fall,CLE,8,4,4,7,4,50,50,100,57.1
166,Derrick Favors,OKC,72,5,67,64,30,6.9,93.1,98.5,46.2
167,Bruno Fernando,TOT,19,5,14,16,12,26.3,73.7,94.1,70.6
167,Bruno Fernando,BOS,5,1,4,4,3,20,80,100,75
167,Bruno Fernando,HOU,14,4,10,12,9,28.6,71.4,92.3,69.2
168,Dorian Finney-Smith,DAL,83,7,76,69,22,8.4,91.6,92,29.3
169,Malik Fitts,TOT,1,0,1,1,0,0,100,100,0
169,Malik Fitts,BOS,0,0,0,0,0,0,0,0,0
169,Malik Fitts,UTA,1,0,1,1,0,0,100,100,0
170,Malachi Flynn,TOR,10,0,10,10,2,0,100,100,20
171,Bryn Forbes,TOT,28,0,28,24,3,0,100,92.3,11.5
171,Bryn Forbes,DEN,8,0,8,8,0,0,100,100,0
171,Bryn Forbes,SAS,20,0,20,16,3,0,100,88.9,16.7
172,Aleem Ford,ORL,3,0,3,1,1,0,100,100,100
173,Trent Forrest,UTA,12,1,11,11,5,8.3,91.7,91.7,41.7
174,Evan Fournier,NYK,34,2,32,30,10,5.9,94.1,93.8,31.3
175,De'Aaron Fox,SAC,9,0,9,8,3,0,100,100,37.5
176,Melvin Frazier,OKC,0,0,0,0,0,0,0,0,0
177,Tim Frazier,TOT,0,0,0,0,0,0,0,0,0
177,Tim Frazier,CLE,0,0,0,0,0,0,0,0,0
177,Tim Frazier,ORL,0,0,0,0,0,0,0,0,0
178,Enes Freedom,BOS,50,24,26,45,27,48,52,97.8,58.7
179,Markelle Fultz,ORL,4,0,4,4,2,0,100,100,50
180,Wenyen Gabriel,TOT,29,14,15,24,15,48.3,51.7,85.7,53.6
180,Wenyen Gabriel,BRK,0,0,0,0,0,0,0,0,0
180,Wenyen Gabriel,LAC,4,2,2,3,2,50,50,75,50
180,Wenyen Gabriel,LAL,25,12,13,21,13,48,52,87.5,54.2
181,Daniel Gafford,WAS,138,44,94,119,61,31.9,68.1,96,49.2
182,Danilo Gallinari,ATL,49,6,43,35,17,12.2,87.8,85.4,41.5
183,Langston Galloway,TOT,3,1,2,2,1,33.3,66.7,100,50
183,Langston Galloway,BRK,2,1,1,1,1,50,50,100,100
183,Langston Galloway,MIL,1,0,1,1,0,0,100,100,0
184,Darius Garland,CLE,17,0,17,13,5,0,100,92.9,35.7
185,Marcus Garrett,MIA,6,4,2,6,5,66.7,33.3,100,83.3
186,Usman Garuba,HOU,14,4,10,11,7,28.6,71.4,91.7,58.3
187,Luka Garza,DET,54,14,40,44,18,25.9,74.1,89.8,36.7
188,Rudy Gay,UTA,33,7,26,28,15,21.2,78.8,96.6,51.7
189,Paul George,LAC,26,0,26,22,9,0,100,95.7,39.1
190,Taj Gibson,NYK,134,33,101,118,59,24.6,75.4,96.7,48.4
191,Josh Giddey,OKC,14,4,10,14,8,28.6,71.4,100,57.1
192,Shai Gilgeous-Alexander,OKC,10,0,10,9,4,0,100,90,40
193,Anthony Gill,WAS,26,4,22,18,6,15.4,84.6,94.7,31.6
194,Freddie Gillespie,ORL,10,2,8,7,6,20,80,100,85.7
195,Rudy Gobert,UTA,219,84,135,201,149,38.4,61.6,96.6,71.6
196,Brandon Goodwin,CLE,3,0,3,3,1,0,100,100,33.3
197,Jordan Goodwin,WAS,0,0,0,0,0,0,0,0,0
198,Aaron Gordon,DEN,39,10,29,33,24,25.6,74.4,94.3,68.6
199,Eric Gordon,HOU,24,2,22,22,3,8.3,91.7,91.7,12.5
200,Devonte' Graham,NOP,21,0,21,18,5,0,100,100,27.8
201,Jerami Grant,DET,53,2,51,44,9,3.8,96.2,95.7,19.6
202,Hassani Gravett,ORL,3,0,3,1,0,0,100,33.3,0
203,Danny Green,PHI,26,5,21,20,9,19.2,80.8,83.3,37.5
204,Draymond Green,GSW,96,4,92,87,39,4.2,95.8,100,44.8
205,Jalen Green,HOU,3,0,3,2,0,0,100,66.7,0
206,JaMychal Green,DEN,91,31,60,71,42,34.1,65.9,89.9,53.2
207,Javonte Green,CHI,43,7,36,37,18,16.3,83.7,90.2,43.9
208,Jeff Green,DEN,50,4,46,41,15,8,92,93.2,34.1
209,Josh Green,DAL,13,2,11,12,4,15.4,84.6,92.3,30.8
210,Blake Griffin,BRK,58,6,52,53,31,10.3,89.7,100,58.5
211,Quentin Grimes,NYK,1,0,1,1,0,0,100,100,0
212,Kyle Guy,MIA,6,0,6,6,2,0,100,100,33.3
213,Rui Hachimura,WAS,23,1,22,19,14,4.3,95.7,95,70
214,Tyrese Haliburton,TOT,9,0,9,7,0,0,100,100,0
214,Tyrese Haliburton,IND,1,0,1,1,0,0,100,100,0
214,Tyrese Haliburton,SAC,8,0,8,6,0,0,100,100,0
215,Tyler Hall,NYK,0,0,0,0,0,0,0,0,0
216,R.J. Hampton,ORL,5,0,5,5,2,0,100,100,40
217,Tim Hardaway Jr.,DAL,14,1,13,12,6,7.1,92.9,85.7,42.9
218,James Harden,TOT,54,3,51,47,24,5.6,94.4,97.9,50
218,James Harden,BRK,37,2,35,32,15,5.4,94.6,97,45.5
218,James Harden,PHI,17,1,16,15,9,5.9,94.1,100,60
219,Maurice Harkless,SAC,11,0,11,9,6,0,100,100,66.7
220,Jared Harper,NOP,0,0,0,0,0,0,0,0,0
221,Montrezl Harrell,TOT,166,35,131,128,71,21.1,78.9,90.8,50.4
221,Montrezl Harrell,CHO,46,11,35,36,17,23.9,76.1,87.8,41.5
221,Montrezl Harrell,WAS,120,24,96,92,54,20,80,92,54
222,Gary Harris,ORL,19,0,19,17,2,0,100,89.5,10.5
223,Joe Harris,BRK,9,1,8,8,0,11.1,88.9,88.9,0
224,Tobias Harris,PHI,91,12,79,74,34,13.2,86.8,94.9,43.6
225,Shaquille Harrison,BRK,0,0,0,0,0,0,0,0,0
226,Josh Hart,TOT,22,1,21,16,7,4.5,95.5,94.1,41.2
226,Josh Hart,NOP,20,1,19,14,5,5,95,93.3,33.3
226,Josh Hart,POR,2,0,2,2,2,0,100,100,100
227,Isaiah Hartenstein,LAC,94,23,71,76,40,24.5,75.5,97.4,51.3
228,Udonis Haslem,MIA,9,3,6,3,3,33.3,66.7,100,100
229,Sam Hauser,BOS,5,0,5,5,0,0,100,100,0
230,Jaxson Hayes,NOP,62,8,54,53,27,12.9,87.1,94.6,48.2
231,Killian Hayes,DET,29,1,28,26,14,3.4,96.6,92.9,50
232,Gordon Hayward,CHO,30,6,24,30,12,20,80,100,40
233,Aaron Henry,PHI,1,0,1,0,0,0,100,0,0
234,Juancho Hernangomez,TOT,12,4,8,9,3,33.3,66.7,75,25
234,Juancho Hernangomez,BOS,2,1,1,2,1,50,50,100,50
234,Juancho Hernangomez,SAS,2,1,1,1,0,50,50,50,0
234,Juancho Hernangomez,UTA,8,2,6,6,2,25,75,75,25
235,Willy Hernangomez,NOP,72,32,40,62,45,44.4,55.6,92.5,67.2
236,Tyler Herro,MIA,24,0,24,24,5,0,100,100,20.8
237,Buddy Hield,TOT,19,3,16,18,13,15.8,84.2,100,72.2
237,Buddy Hield,IND,4,1,3,4,2,25,75,100,50
237,Buddy Hield,SAC,15,2,13,14,11,13.3,86.7,100,78.6
238,Haywood Highsmith,MIA,8,1,7,6,4,12.5,87.5,100,66.7
239,George Hill,MIL,35,6,29,30,8,17.1,82.9,93.8,25
240,Malcolm Hill,TOT,6,0,6,5,0,0,100,83.3,0
240,Malcolm Hill,ATL,3,0,3,3,0,0,100,100,0
240,Malcolm Hill,CHI,3,0,3,2,0,0,100,66.7,0
241,Solomon Hill,ATL,9,2,7,8,2,22.2,77.8,100,25
242,Nate Hinton,IND,1,0,1,1,0,0,100,100,0
243,Jaylen Hoard,OKC,6,4,2,6,5,66.7,33.3,100,83.3
244,Aaron Holiday,TOT,20,2,18,19,3,10,90,95,15
244,Aaron Holiday,PHO,5,1,4,5,2,20,80,100,40
244,Aaron Holiday,WAS,15,1,14,14,1,6.7,93.3,93.3,6.7
245,Jrue Holiday,MIL,46,9,37,39,16,19.6,80.4,95.1,39
246,Justin Holiday,TOT,45,2,43,39,15,4.4,95.6,92.9,35.7
246,Justin Holiday,IND,32,1,31,28,10,3.1,96.9,96.6,34.5
246,Justin Holiday,SAC,13,1,12,11,5,7.7,92.3,84.6,38.5
247,Richaun Holmes,SAC,81,14,67,68,29,17.3,82.7,97.1,41.4
248,Rodney Hood,LAC,1,0,1,1,0,0,100,100,0
248,Rodney Hood,TOT,12,0,12,11,1,0,100,100,9.1
248,Rodney Hood,MIL,11,0,11,10,1,0,100,100,10
249,Scotty Hopson,OKC,0,0,0,0,0,0,0,0,0
250,Al Horford,BOS,158,23,135,137,86,14.6,85.4,97.9,61.4
251,Talen Horton-Tucker,LAL,34,4,30,29,13,11.8,88.2,93.5,41.9
252,Danuel House Jr.,TOT,28,0,28,21,6,0,100,87.5,25
252,Danuel House Jr.,HOU,11,0,11,8,2,0,100,80,20
252,Danuel House Jr.,NYK,0,0,0,0,0,0,0,0,0
252,Danuel House Jr.,UTA,17,0,17,13,4,0,100,92.9,28.6
253,Dwight Howard,LAL,91,43,48,84,62,47.3,52.7,96.6,71.3
254,Markus Howard,DEN,1,0,1,1,0,0,100,100,0
255,Kevin Huerter,ATL,32,1,31,28,11,3.1,96.9,93.3,36.7
256,Jay Huff,LAL,2,0,2,2,0,0,100,100,0
257,Elijah Hughes,TOT,4,0,4,4,1,0,100,100,25
257,Elijah Hughes,POR,3,0,3,3,0,0,100,100,0
257,Elijah Hughes,UTA,1,0,1,1,1,0,100,100,100
258,Feron Hunt,NYK,1,0,1,1,0,0,100,100,0
259,De'Andre Hunter,ATL,41,1,40,33,10,2.4,97.6,94.3,28.6
260,Chandler Hutchison,PHO,0,0,0,0,0,0,0,0,0
261,Bones Hyland,DEN,11,0,11,11,5,0,100,100,45.5
262,Serge Ibaka,TOT,104,18,86,87,40,17.3,82.7,93.5,43
262,Serge Ibaka,LAC,67,13,54,56,24,19.4,80.6,93.3,40
262,Serge Ibaka,MIL,37,5,32,31,16,13.5,86.5,93.9,48.5
263,Andre Iguodala,GSW,20,1,19,16,9,5,95,88.9,50
264,Joe Ingles,UTA,23,0,23,19,7,0,100,100,36.8
265,Brandon Ingram,NOP,25,1,24,21,10,4,96,100,47.6
266,Kyrie Irving,BRK,7,0,7,7,3,0,100,100,42.9
267,Wes Iwundu,ATL,2,0,2,2,0,0,100,100,0
268,Frank Jackson,DET,10,0,10,9,4,0,100,90,40
269,Isaiah Jackson,IND,38,9,29,35,23,23.7,76.3,100,65.7
270,Jaren Jackson Jr.,MEM,100,11,89,85,36,11,89,98.8,41.9
271,Josh Jackson,TOT,20,4,16,18,6,20,80,100,33.3
271,Josh Jackson,DET,19,4,15,17,5,21.1,78.9,100,29.4
271,Josh Jackson,SAC,1,0,1,1,1,0,100,100,100
272,Justin Jackson,TOT,0,0,0,0,0,0,0,0,0
272,Justin Jackson,BOS,0,0,0,0,0,0,0,0,0
272,Justin Jackson,PHO,0,0,0,0,0,0,0,0,0
273,Reggie Jackson,LAC,24,2,22,23,9,8.3,91.7,100,39.1
274,LeBron James,LAL,51,10,41,48,35,19.6,80.4,100,72.9
275,DeJon Jarreau,IND,0,0,0,0,0,0,0,0,0
276,DaQuan Jeffries,MEM,0,0,0,0,0,0,0,0,0
277,Ty Jerome,OKC,15,2,13,14,5,13.3,86.7,93.3,33.3
278,Isaiah Joe,PHI,10,0,10,9,2,0,100,90,20
279,Alize Johnson,TOT,15,7,8,14,10,46.7,53.3,93.3,66.7
279,Alize Johnson,CHI,11,6,5,10,7,54.5,45.5,90.9,63.6
279,Alize Johnson,NOP,4,1,3,4,3,25,75,100,75
279,Alize Johnson,WAS,0,0,0,0,0,0,0,0,0
280,B.J. Johnson,ORL,1,0,1,0,0,0,100,0,0
281,Cameron Johnson,PHO,52,4,48,43,8,7.7,92.3,95.6,17.8
282,David Johnson,TOR,0,0,0,0,0,0,0,0,0
283,Jalen Johnson,ATL,4,0,4,4,3,0,100,100,75
284,James Johnson,BRK,47,5,42,45,23,10.6,89.4,97.8,50
285,Joe Johnson,BOS,0,0,0,0,0,0,0,0,0
286,Keldon Johnson,SAS,95,14,81,73,29,14.7,85.3,94.8,37.7
287,Keon Johnson,TOT,12,0,12,11,2,0,100,91.7,16.7
287,Keon Johnson,LAC,2,0,2,2,0,0,100,100,0
287,Keon Johnson,POR,10,0,10,9,2,0,100,90,20
288,Stanley Johnson,LAL,62,2,60,45,10,3.2,96.8,91.8,20.4
289,Tyler Johnson,TOT,1,0,1,1,0,0,100,100,0
289,Tyler Johnson,PHI,1,0,1,1,0,0,100,100,0
289,Tyler Johnson,SAS,0,0,0,0,0,0,0,0,0
290,Nikola Jokic,DEN,246,65,181,228,165,26.4,73.6,97,70.2
291,Carlik Jones,TOT,2,0,2,2,0,0,100,100,0
291,Carlik Jones,DAL,2,0,2,2,0,0,100,100,0
291,Carlik Jones,DEN,0,0,0,0,0,0,0,0,0
292,Damian Jones,SAC,43,8,35,38,25,18.6,81.4,100,65.8
293,Derrick Jones Jr.,CHI,42,5,37,32,9,11.9,88.1,94.1,26.5
294,Herbert Jones,NOP,73,2,71,59,9,2.7,97.3,92.2,14.1
295,Jemerrio Jones,LAL,0,0,0,0,0,0,0,0,0
296,Kai Jones,CHO,5,1,4,5,1,20,80,100,20
297,Mason Jones,LAL,1,0,1,1,1,0,100,100,100
298,Tre Jones,SAS,12,0,12,8,2,0,100,80,20
299,Tyus Jones,MEM,10,0,10,9,2,0,100,100,22.2
300,DeAndre Jordan,TOT,78,42,36,74,64,53.8,46.2,98.7,85.3
300,DeAndre Jordan,LAL,50,23,27,47,40,46,54,97.9,83.3
300,DeAndre Jordan,PHI,28,19,9,27,24,67.9,32.1,100,88.9
301,Cory Joseph,DET,45,0,45,39,9,0,100,90.7,20.9
302,Georgios Kalaitzakis,TOT,2,0,2,1,1,0,100,100,100
302,Georgios Kalaitzakis,MIL,0,0,0,0,0,0,0,0,0
302,Georgios Kalaitzakis,OKC,2,0,2,1,1,0,100,100,100
303,Frank Kaminsky,PHO,19,1,18,17,6,5.3,94.7,100,35.3
304,Luke Kennard,LAC,38,0,38,34,8,0,100,94.4,22.2
305,Braxton Key,TOT,8,2,6,8,6,25,75,100,75
305,Braxton Key,DET,7,2,5,7,6,28.6,71.4,100,85.7
305,Braxton Key,PHI,1,0,1,1,0,0,100,100,0
306,George King,DAL,3,0,3,3,3,0,100,100,100
307,Louis King,SAC,0,0,0,0,0,0,0,0,0
308,Corey Kispert,WAS,27,4,23,24,9,14.8,85.2,96,36
309,Maxi Kleber,DAL,105,24,81,91,44,22.9,77.1,94.8,45.8
310,Brandon Knight,DAL,2,0,2,2,1,0,100,100,50
311,Nathan Knight,MIN,25,8,17,20,9,32,68,100,45
312,Kevin Knox,TOT,7,2,5,6,6,28.6,71.4,100,100
312,Kevin Knox,ATL,3,1,2,3,3,33.3,66.7,100,100
312,Kevin Knox,NYK,4,1,3,3,3,25,75,100,100
313,John Konchar,MEM,25,1,24,23,4,4,96,100,17.4
314,Furkan Korkmaz,PHI,13,0,13,9,4,0,100,81.8,36.4
315,Luke Kornet,TOT,12,4,8,11,7,33.3,66.7,100,63.6
315,Luke Kornet,BOS,12,4,8,11,7,33.3,66.7,100,63.6
315,Luke Kornet,CLE,0,0,0,0,0,0,0,0,0
315,Luke Kornet,MIL,0,0,0,0,0,0,0,0,0
316,Vit Krejci,OKC,9,1,8,8,5,11.1,88.9,88.9,55.6
317,Arnoldas Kulboka,CHO,0,0,0,0,0,0,0,0,0
318,Jonathan Kuminga,GSW,48,4,44,42,16,8.3,91.7,93.3,35.6
319,Kyle Kuzma,WAS,71,19,52,64,45,26.8,73.2,94.1,66.2
320,Anthony Lamb,SAS,0,0,0,0,0,0,0,0,0
321,Jeremy Lamb,TOT,6,0,6,6,2,0,100,100,33.3
321,Jeremy Lamb,IND,4,0,4,4,1,0,100,100,25
321,Jeremy Lamb,SAC,2,0,2,2,1,0,100,100,50
322,Jock Landale,SAS,75,25,50,61,32,33.3,66.7,96.8,50.8
323,Romeo Langford,TOT,12,0,12,10,2,0,100,100,20
323,Romeo Langford,BOS,12,0,12,10,2,0,100,100,20
323,Romeo Langford,SAS,0,0,0,0,0,0,0,0,0
324,Zach LaVine,CHI,28,3,25,27,14,10.7,89.3,96.4,50
325,Jake Layman,MIN,10,0,10,9,3,0,100,100,33.3
326,Damion Lee,GSW,19,0,19,17,7,0,100,94.4,38.9
327,Saben Lee,DET,4,0,4,3,2,0,100,75,50
328,Alex Len,SAC,58,9,49,48,23,15.5,84.5,100,47.9
329,Caris LeVert,TOT,22,0,22,20,6,0,100,100,30
329,Caris LeVert,CLE,7,0,7,7,3,0,100,100,42.9
329,Caris LeVert,IND,15,0,15,13,3,0,100,100,23.1
330,Kira Lewis Jr.,NOP,0,0,0,0,0,0,0,0,0
331,Scottie Lewis,CHO,0,0,0,0,0,0,0,0,0
332,Damian Lillard,POR,6,0,6,6,2,0,100,100,33.3
333,Nassir Little,POR,22,4,18,20,11,18.2,81.8,95.2,52.4
334,Isaiah Livers,DET,14,0,14,11,7,0,100,100,63.6
335,Kevon Looney,GSW,208,63,145,185,104,30.3,69.7,98.9,55.6
336,Brook Lopez,MIL,24,6,18,23,6,25,75,100,26.1
337,Robin Lopez,ORL,87,27,60,79,36,31,69,94,42.9
338,Didi Louzada,TOT,1,0,1,0,0,0,100,0,0
338,Didi Louzada,NOP,0,0,0,0,0,0,0,0,0
338,Didi Louzada,POR,1,0,1,0,0,0,100,0,0
339,Kevin Love,CLE,111,34,77,100,75,30.6,69.4,95.2,71.4
340,Kyle Lowry,MIA,78,5,73,71,22,6.4,93.6,92.2,28.6
341,Gabriel Lundberg,PHO,0,0,0,0,0,0,0,0,0
342,Timothe Luwawu-Cabarrot,ATL,27,2,25,21,6,7.4,92.6,87.5,25
343,Trey Lyles,TOT,116,28,88,94,54,24.1,75.9,92.2,52.9
343,Trey Lyles,DET,85,18,67,64,34,21.2,78.8,90.1,47.9
343,Trey Lyles,SAC,31,10,21,30,20,32.3,67.7,96.8,64.5
344,Theo Maledon,OKC,8,0,8,8,2,0,100,100,25
345,Sandro Mamukelashvili,MIL,17,6,11,14,6,35.3,64.7,87.5,37.5
346,Terance Mann,LAC,48,4,44,38,18,8.3,91.7,95,45
347,Tre Mann,OKC,11,0,11,11,4,0,100,100,36.4
348,Boban Marjanovic,DAL,11,5,6,10,7,45.5,54.5,100,70
349,Lauri Markkanen,CLE,69,1,68,62,28,1.4,98.6,96.9,43.8
350,Naji Marshall,NOP,21,5,16,17,10,23.8,76.2,81,47.6
351,Caleb Martin,MIA,38,0,38,28,7,0,100,96.6,24.1
352,Cody Martin,CHO,60,12,48,52,22,20,80,94.5,40
353,Kelan Martin,TOT,7,2,5,3,2,28.6,71.4,60,40
353,Kelan Martin,BOS,0,0,0,0,0,0,0,0,0
353,Kelan Martin,IND,7,2,5,3,2,28.6,71.4,60,40
354,Kenyon Martin Jr.,HOU,45,3,42,36,13,6.7,93.3,94.7,34.2
355,Garrison Mathews,HOU,38,1,37,30,9,2.6,97.4,90.9,27.3
356,Dakota Mathias,MEM,1,0,1,1,1,0,100,100,100
357,Wesley Matthews,MIL,46,8,38,41,13,17.4,82.6,97.6,31
358,Tyrese Maxey,PHI,27,0,27,23,5,0,100,88.5,19.2
359,Skylar Mays,ATL,0,0,0,0,0,0,0,0,0
360,Miles McBride,NYK,8,0,8,8,2,0,100,100,25
361,Mac McClung,TOT,0,0,0,0,0,0,0,0,0
361,Mac McClung,CHI,0,0,0,0,0,0,0,0,0
361,Mac McClung,LAL,0,0,0,0,0,0,0,0,0
362,CJ McCollum,TOT,16,0,16,13,6,0,100,92.9,42.9
362,CJ McCollum,NOP,8,0,8,8,4,0,100,100,50
362,CJ McCollum,POR,8,0,8,5,2,0,100,83.3,33.3
363,T.J. McConnell,IND,8,0,8,6,2,0,100,75,25
364,Jaden McDaniels,MIN,49,6,43,45,22,12.2,87.8,97.8,47.8
365,Jalen McDaniels,CHO,33,0,33,29,12,0,100,96.7,40
366,Doug McDermott,SAS,35,2,33,30,6,5.7,94.3,93.8,18.8
367,JaVale McGee,PHO,99,38,61,84,58,38.4,61.6,97.7,67.4
368,Cameron McGriff,POR,3,2,1,3,3,66.7,33.3,100,100
369,Rodney McGruder,DET,18,1,17,16,6,5.6,94.4,100,37.5
370,Alfonzo McKinnie,CHI,4,1,3,1,0,25,75,25,0
371,JaQuori McLaughlin,DAL,0,0,0,0,0,0,0,0,0
372,Jordan McLaughlin,MIN,11,0,11,10,4,0,100,90.9,36.4
373,Ben McLemore,POR,22,0,22,21,5,0,100,100,23.8
374,De'Anthony Melton,MEM,31,2,29,26,6,6.5,93.5,89.7,20.7
375,Sam Merrill,MEM,2,0,2,2,0,0,100,100,0
376,Chimezie Metu,SAC,43,2,41,36,23,4.7,95.3,90,57.5
377,Khris Middleton,MIL,52,7,45,47,24,13.5,86.5,100,51.1
378,CJ Miles,BOS,0,0,0,0,0,0,0,0,0
379,Patty Mills,BRK,32,0,32,28,4,0,100,93.3,13.3
380,Paul Millsap,TOT,43,19,24,35,21,44.2,55.8,97.2,58.3
380,Paul Millsap,BRK,28,14,14,25,18,50,50,96.2,69.2
380,Paul Millsap,PHI,15,5,10,10,3,33.3,66.7,100,30
381,Shake Milton,PHI,12,1,11,11,8,8.3,91.7,100,72.7
382,Davion Mitchell,SAC,42,0,42,36,6,0,100,92.3,15.4
383,Donovan Mitchell,UTA,47,0,47,42,15,0,100,93.3,33.3
384,Evan Mobley,CLE,118,18,100,106,58,15.3,84.7,99.1,54.2
385,Malik Monk,LAL,7,0,7,6,1,0,100,100,16.7
386,Greg Monroe,TOT,18,8,10,14,8,44.4,55.6,87.5,50
386,Greg Monroe,MIL,6,3,3,6,4,50,50,100,66.7
386,Greg Monroe,MIN,6,3,3,3,1,50,50,60,20
386,Greg Monroe,UTA,1,0,1,1,0,0,100,100,0
386,Greg Monroe,WAS,5,2,3,4,3,40,60,100,75
387,Moses Moody,GSW,11,1,10,8,3,9.1,90.9,88.9,33.3
388,Xavier Moon,LAC,0,0,0,0,0,0,0,0,0
389,Matt Mooney,NYK,0,0,0,0,0,0,0,0,0
390,Ja Morant,MEM,9,0,9,7,2,0,100,100,28.6
391,Juwan Morgan,TOT,3,1,2,2,1,33.3,66.7,66.7,33.3
391,Juwan Morgan,BOS,0,0,0,0,0,0,0,0,0
391,Juwan Morgan,TOR,3,1,2,2,1,33.3,66.7,66.7,33.3
392,Jaylen Morris,SAS,0,0,0,0,0,0,0,0,0
393,Marcus Morris,LAC,50,3,47,36,11,6,94,87.8,26.8
394,Markieff Morris,MIA,26,5,21,22,9,19.2,80.8,91.7,37.5
395,Monte Morris,DEN,18,0,18,16,3,0,100,94.1,17.6
396,Emmanuel Mudiay,SAC,0,0,0,0,0,0,0,0,0
397,Mychal Mulder,TOT,2,0,2,1,0,0,100,100,0
397,Mychal Mulder,MIA,1,0,1,1,0,0,100,100,0
397,Mychal Mulder,ORL,1,0,1,0,0,0,100,0,0
398,Ade Murkey,SAC,0,0,0,0,0,0,0,0,0
399,Trey Murphy III,NOP,12,1,11,9,5,8.3,91.7,81.8,45.5
400,Dejounte Murray,SAS,39,5,34,31,10,12.8,87.2,86.1,27.8
401,Mike Muscala,OKC,55,3,52,43,23,5.5,94.5,95.6,51.1
402,Svi Mykhailiuk,TOR,3,0,3,3,0,0,100,100,0
403,Abdel Nader,PHO,6,1,5,6,3,16.7,83.3,100,50
404,Larry Nance Jr.,TOT,52,14,38,38,20,26.9,73.1,92.7,48.8
404,Larry Nance Jr.,NOP,7,2,5,6,3,28.6,71.4,85.7,42.9
404,Larry Nance Jr.,POR,45,12,33,32,17,26.7,73.3,94.1,50
405,RJ Nembhard Jr.,CLE,1,0,1,1,0,0,100,100,0
406,Aaron Nesmith,BOS,26,3,23,23,10,11.5,88.5,95.8,41.7
407,Raul Neto,WAS,16,0,16,15,2,0,100,93.8,12.5
408,Malik Newman,CLE,0,0,0,0,0,0,0,0,0
409,Georges Niang,PHI,50,3,47,43,11,6,94,97.7,25
410,Daishen Nix,HOU,6,1,5,5,4,16.7,83.3,83.3,66.7
411,Zeke Nnaji,DEN,52,22,30,47,31,42.3,57.7,97.9,64.6
412,Nerlens Noel,NYK,46,9,37,44,26,19.6,80.4,97.8,57.8
413,Jaylen Nowell,MIN,10,0,10,10,4,0,100,100,40
414,Frank Ntilikina,DAL,19,1,18,19,7,5.3,94.7,100,36.8
415,Jusuf Nurkic,POR,165,46,119,150,109,27.9,72.1,98.7,71.7
416,David Nwaba,HOU,24,2,22,17,3,8.3,91.7,94.4,16.7
417,Jordan Nwora,MIL,9,1,8,7,2,11.1,88.9,100,28.6
418,Royce O'Neale,UTA,54,8,46,39,17,14.8,85.2,84.8,37
419,Semi Ojeleye,TOT,21,10,11,19,16,47.6,52.4,95,80
419,Semi Ojeleye,LAC,2,0,2,1,1,0,100,100,100
419,Semi Ojeleye,MIL,19,10,9,18,15,52.6,47.4,94.7,78.9
420,Chuma Okeke,ORL,80,2,78,69,32,2.5,97.5,93.2,43.2
421,Josh Okogie,MIN,19,3,16,14,7,15.8,84.2,93.3,46.7
422,Onyeka Okongwu,ATL,95,19,76,72,43,20,80,93.5,55.8
423,Isaac Okoro,CLE,37,2,35,32,4,5.4,94.6,88.9,11.1
424,KZ Okpala,MIA,19,1,18,14,5,5.3,94.7,100,35.7
425,Victor Oladipo,MIA,8,0,8,8,1,0,100,100,12.5
426,Cameron Oliver,ATL,2,0,2,2,1,0,100,100,50
427,Kelly Olynyk,DET,37,10,27,33,25,27,73,94.3,71.4
428,Eugene Omoruyi,DAL,1,0,1,0,0,0,100,0,0
429,Miye Oni,UTA,0,0,0,0,0,0,0,0,0
430,Cedi Osman,CLE,19,1,18,15,3,5.3,94.7,83.3,16.7
431,Daniel Oturu,TOR,1,0,1,1,1,0,100,100,100
432,Kelly Oubre Jr.,CHO,17,0,17,17,9,0,100,100,52.9
433,Jaysean Paige,DET,0,0,0,0,0,0,0,0,0
434,Trayvon Palmer,DET,0,0,0,0,0,0,0,0,0
435,Kevin Pangos,CLE,1,0,1,0,0,0,100,0,0
436,Jabari Parker,BOS,8,1,7,6,3,12.5,87.5,100,50
437,Eric Paschall,UTA,30,2,28,21,9,6.7,93.3,87.5,37.5
438,Chris Paul,PHO,30,0,30,28,8,0,100,96.6,27.6
439,Cameron Payne,PHO,17,0,17,12,1,0,100,92.3,7.7
440,Elfrid Payton,PHO,7,0,7,7,2,0,100,100,28.6
441,Gary Payton II,GSW,34,12,22,31,20,35.3,64.7,96.9,62.5
442,Norvel Pelle,UTA,0,0,0,0,0,0,0,0,0
443,Reggie Perry,TOT,15,4,11,15,9,26.7,73.3,100,60
443,Reggie Perry,IND,0,0,0,0,0,0,0,0,0
443,Reggie Perry,POR,15,4,11,15,9,26.7,73.3,100,60
444,Jamorko Pickett,DET,3,0,3,3,1,0,100,100,33.3
445,Theo Pinson,DAL,2,0,2,2,1,0,100,100,50
446,Mason Plumlee,CHO,134,37,97,115,68,27.6,72.4,92.7,54.8
447,Jakob Poeltl,SAS,163,50,113,148,84,30.7,69.3,99.3,56.4
448,Aleksej Pokusevski,OKC,18,0,18,17,8,0,100,100,47.1
449,Yves Pons,MEM,0,0,0,0,0,0,0,0,0
450,Jordan Poole,GSW,18,0,18,17,6,0,100,94.4,33.3
451,Kevin Porter Jr.,HOU,25,1,24,25,10,4,96,100,40
452,Michael Porter Jr.,DEN,2,2,0,2,2,100,0,100,100
453,Otto Porter Jr.,GSW,47,11,36,41,18,23.4,76.6,97.6,42.9
454,Bobby Portis,MIL,211,64,147,167,113,30.3,69.7,96,64.9
455,Kristaps Porzingis,TOT,90,12,78,80,45,13.3,86.7,95.2,53.6
455,Kristaps Porzingis,DAL,64,7,57,56,26,10.9,89.1,93.3,43.3
455,Kristaps Porzingis,WAS,26,5,21,24,19,19.2,80.8,100,79.2
456,Micah Potter,DET,3,0,3,3,0,0,100,100,0
457,Dwight Powell,DAL,187,53,134,156,76,28.3,71.7,92.3,45
458,Myles Powell,PHI,0,0,0,0,0,0,0,0,0
459,Norman Powell,TOT,16,0,16,14,3,0,100,100,21.4
459,Norman Powell,LAC,2,0,2,2,0,0,100,100,0
459,Norman Powell,POR,14,0,14,12,3,0,100,100,25
460,Joshua Primo,SAS,17,0,17,17,5,0,100,100,29.4
461,Taurean Prince,MIN,30,3,27,25,10,10,90,92.6,37
462,Payton Pritchard,BOS,24,2,22,22,3,8.3,91.7,100,13.6
463,Trevelin Queen,HOU,2,0,2,2,0,0,100,100,0
464,Neemias Queta,SAC,7,3,4,6,4,42.9,57.1,85.7,57.1
465,Immanuel Quickley,NYK,27,0,27,26,4,0,100,96.3,14.8
466,Jahmi'us Ramsey,SAC,1,0,1,1,0,0,100,100,0
467,Julius Randle,NYK,94,27,67,85,57,28.7,71.3,94.4,63.3
468,Austin Reaves,LAL,28,4,24,24,8,14.3,85.7,88.9,29.6
469,Cam Reddish,TOT,14,1,13,14,5,7.1,92.9,100,35.7
469,Cam Reddish,ATL,12,1,11,12,4,8.3,91.7,100,33.3
469,Cam Reddish,NYK,2,0,2,2,1,0,100,100,50
470,Davon Reed,DEN,28,1,27,26,6,3.6,96.4,100,23.1
471,Paul Reed,PHI,17,6,11,13,8,35.3,64.7,100,61.5
472,Naz Reid,MIN,101,13,88,82,38,12.9,87.1,95.3,44.2
473,Nick Richards,CHO,22,8,14,16,10,36.4,63.6,100,62.5
474,Josh Richardson,TOT,19,0,19,17,7,0,100,100,41.2
474,Josh Richardson,BOS,13,0,13,12,6,0,100,100,50
474,Josh Richardson,SAS,6,0,6,5,1,0,100,100,20
475,Austin Rivers,DEN,16,0,16,15,2,0,100,100,13.3
476,Duncan Robinson,MIA,50,0,50,44,8,0,100,89.8,16.3
477,Justin Robinson,TOT,3,0,3,3,0,0,100,100,0
477,Justin Robinson,DET,1,0,1,1,0,0,100,100,0
477,Justin Robinson,MIL,2,0,2,2,0,0,100,100,0
477,Justin Robinson,SAC,0,0,0,0,0,0,0,0,0
478,Mitchell Robinson,NYK,273,85,188,244,140,31.1,68.9,95.7,54.9
479,Jeremiah Robinson-Earl,OKC,80,13,67,69,37,16.3,83.8,98.6,52.9
480,Isaiah Roby,OKC,55,8,47,46,21,14.5,85.5,97.9,44.7
481,Rajon Rondo,TOT,5,1,4,3,2,20,80,100,66.7
481,Rajon Rondo,CLE,1,0,1,1,0,0,100,100,0
481,Rajon Rondo,LAL,4,1,3,2,2,25,75,100,100
482,Derrick Rose,NYK,8,0,8,7,3,0,100,87.5,37.5
483,Terrence Ross,ORL,12,0,12,11,4,0,100,100,36.4
484,Terry Rozier,CHO,15,1,14,13,4,6.7,93.3,86.7,26.7
485,Ricky Rubio,CLE,9,0,9,9,5,0,100,100,55.6
486,D'Angelo Russell,MIN,33,1,32,27,9,3,97,93.1,31
487,Matt Ryan,BOS,0,0,0,0,0,0,0,0,0
488,Domantas Sabonis,TOT,148,56,92,141,114,37.8,62.2,97.2,78.6
488,Domantas Sabonis,IND,114,48,66,109,91,42.1,57.9,98.2,82
488,Domantas Sabonis,SAC,34,8,26,32,23,23.5,76.5,94.1,67.6
489,Olivier Sarr,OKC,40,9,31,35,12,22.5,77.5,97.2,33.3
490,Tomas Satoransky,TOT,15,2,13,12,1,13.3,86.7,80,6.7
490,Tomas Satoransky,NOP,6,2,4,4,0,33.3,66.7,66.7,0
490,Tomas Satoransky,SAS,0,0,0,0,0,0,0,0,0
490,Tomas Satoransky,WAS,9,0,9,8,1,0,100,88.9,11.1
491,Jordan Schakel,WAS,0,0,0,0,0,0,0,0,0
492,Admiral Schofield,ORL,23,5,18,19,7,21.7,78.3,100,36.8
493,Dennis Schroder,TOT,24,0,24,20,4,0,100,90.9,18.2
493,Dennis Schroder,BOS,35,5,30,33,19,14.3,85.7,97.1,55.9
493,Dennis Schroder,HOU,1,0,1,1,0,0,100,100,0
494,Tre Scott,CLE,0,0,0,0,0,0,0,0,0
495,Jay Scrubb,LAC,1,0,1,1,0,0,100,100,0
496,Wayne Selden,NYK,0,0,0,0,0,0,0,0,0
497,Alperen Sengun,HOU,129,30,99,96,51,23.3,76.7,91.4,48.6
498,Collin Sexton,CLE,0,0,0,0,0,0,0,0,0
499,Landry Shamet,PHO,46,0,46,40,7,0,100,90.9,15.9
500,Day'Ron Sharpe,BRK,53,24,29,51,41,45.3,54.7,98.1,78.8
501,Pascal Siakam,TOR,155,21,134,126,71,13.5,86.5,94.7,53.4
502,Chris Silva,TOT,8,4,4,7,7,50,50,100,100
502,Chris Silva,MIA,8,4,4,7,7,50,50,100,100
502,Chris Silva,MIN,0,0,0,0,0,0,0,0,0
503,Marko Simonovic,CHI,3,0,3,2,0,0,100,66.7,0
504,Anfernee Simons,POR,4,0,4,4,2,0,100,100,50
505,Zavier Simpson,OKC,1,0,1,1,0,0,100,100,0
506,Jericho Sims,NYK,93,29,64,82,43,31.2,68.8,98.8,51.8
507,Deividas Sirvydis,DET,1,0,1,1,0,0,100,100,0
508,Javonte Smart,TOT,2,0,2,1,0,0,100,50,0
508,Javonte Smart,MIA,0,0,0,0,0,0,0,0,0
508,Javonte Smart,MIL,2,0,2,1,0,0,100,50,0
509,Marcus Smart,BOS,104,3,101,91,29,2.9,97.1,93.8,29.9
510,Dennis Smith Jr.,POR,4,0,4,4,1,0,100,100,25
511,Ish Smith,TOT,12,0,12,11,4,0,100,100,36.4
511,Ish Smith,CHO,4,0,4,3,1,0,100,100,33.3
511,Ish Smith,WAS,8,0,8,8,3,0,100,100,37.5
512,Jalen Smith,TOT,65,28,37,57,41,43.1,56.9,95,68.3
512,Jalen Smith,IND,31,11,20,28,21,35.5,64.5,93.3,70
512,Jalen Smith,PHO,34,17,17,29,20,50,50,96.7,66.7
513,Xavier Sneed,TOT,0,0,0,0,0,0,0,0,0
513,Xavier Sneed,MEM,0,0,0,0,0,0,0,0,0
513,Xavier Sneed,UTA,0,0,0,0,0,0,0,0,0
514,Tony Snell,TOT,24,1,23,19,5,4.2,95.8,90.5,23.8
514,Tony Snell,NOP,12,1,11,11,5,8.3,91.7,91.7,41.7
514,Tony Snell,POR,12,0,12,8,0,0,100,88.9,0
515,Jaden Springer,PHI,0,0,0,0,0,0,0,0,0
516,Cassius Stanley,DET,4,0,4,3,0,0,100,75,0
517,Nik Stauskas,TOT,0,0,0,0,0,0,0,0,0
517,Nik Stauskas,BOS,0,0,0,0,0,0,0,0,0
517,Nik Stauskas,MIA,0,0,0,0,0,0,0,0,0
518,Lance Stephenson,TOT,9,0,9,8,3,0,100,100,37.5
518,Lance Stephenson,ATL,0,0,0,0,0,0,0,0,0
518,Lance Stephenson,IND,9,0,9,8,3,0,100,100,37.5
519,Lamar Stevens,CLE,23,3,20,19,9,13,87,95,45
520,Isaiah Stewart,DET,160,76,84,145,103,47.5,52.5,94.8,67.3
521,Max Strus,MIA,49,2,47,42,10,4.1,95.9,91.3,21.7
522,Jalen Suggs,ORL,12,0,12,9,2,0,100,90,20
523,Craig Sword,WAS,0,0,0,0,0,0,0,0,0
524,Keifer Sykes,IND,3,0,3,3,0,0,100,100,0
525,Jae'Sean Tate,HOU,123,26,97,96,43,21.1,78.9,87.3,39.1
526,Jayson Tatum,BOS,29,1,28,26,15,3.4,96.6,96.3,55.6
527,Terry Taylor,IND,70,31,39,59,34,44.3,55.7,89.4,51.5
528,Garrett Temple,NOP,24,3,21,21,9,12.5,87.5,100,42.9
529,Emanuel Terry,PHO,4,1,3,3,3,25,75,100,100
530,Tyrell Terry,MEM,0,0,0,0,0,0,0,0,0
531,Jon Teske,MEM,3,0,3,3,1,0,100,100,33.3
532,Daniel Theis,TOT,89,20,69,76,38,22.5,77.5,95,47.5
532,Daniel Theis,BOS,40,7,33,35,18,17.5,82.5,97.2,50
532,Daniel Theis,HOU,49,13,36,41,20,26.5,73.5,93.2,45.5
533,Brodric Thomas,BOS,1,0,1,1,1,0,100,100,100
534,Cam Thomas,BRK,10,0,10,9,4,0,100,100,44.4
535,Isaiah Thomas,TOT,2,0,2,2,1,0,100,100,50
535,Isaiah Thomas,CHO,2,0,2,2,1,0,100,100,50
535,Isaiah Thomas,DAL,0,0,0,0,0,0,0,0,0
535,Isaiah Thomas,LAL,0,0,0,0,0,0,0,0,0
536,Matt Thomas,CHI,10,0,10,9,2,0,100,90,20
537,Klay Thompson,GSW,15,0,15,14,3,0,100,93.3,20
538,Tristan Thompson,TOT,140,46,94,121,64,32.9,67.1,96,50.8
538,Tristan Thompson,CHI,59,22,37,50,28,37.3,62.7,96.2,53.8
538,Tristan Thompson,IND,11,3,8,10,4,27.3,72.7,100,40
538,Tristan Thompson,SAC,70,21,49,61,32,30,70,95.3,50
539,JT Thor,CHO,5,0,5,4,3,0,100,100,75
540,Matisse Thybulle,PHI,13,2,11,12,4,15.4,84.6,92.3,30.8
541,Killian Tillie,MEM,17,2,15,12,2,11.8,88.2,92.3,15.4
542,Xavier Tillman Sr.,MEM,46,12,34,39,17,26.1,73.9,95.1,41.5
543,Isaiah Todd,WAS,1,0,1,1,1,0,100,100,100
544,Obi Toppin,NYK,65,10,55,57,28,15.4,84.6,93.4,45.9
545,Juan Toscano-Anderson,GSW,52,3,49,44,13,5.8,94.2,97.8,28.9
546,Karl-Anthony Towns,MIN,173,35,138,140,93,20.2,79.8,98.6,65.5
547,Gary Trent Jr.,TOR,12,1,11,10,3,8.3,91.7,100,30
548,P.J. Tucker,MIA,118,18,100,107,56,15.3,84.7,95.5,50
549,Rayjon Tucker,TOT,2,0,2,2,1,0,100,100,50
549,Rayjon Tucker,DEN,1,0,1,1,0,0,100,100,0
549,Rayjon Tucker,MIL,1,0,1,1,1,0,100,100,100
550,Myles Turner,IND,108,11,97,95,51,10.2,89.8,96.9,52
551,Jonas Valanciunas,NOP,260,92,168,230,166,35.4,64.6,96.2,69.5
552,Denzel Valentine,TOT,6,2,4,6,2,33.3,66.7,100,33.3
552,Denzel Valentine,CLE,5,2,3,5,2,40,60,100,40
552,Denzel Valentine,UTA,1,0,1,1,0,0,100,100,0
553,Jarred Vanderbilt,MIN,49,19,30,43,27,38.8,61.2,100,62.8
554,Fred VanVleet,TOR,45,2,43,40,15,4.4,95.6,90.9,34.1
555,Devin Vassell,SAS,27,1,26,24,8,3.7,96.3,92.3,30.8
556,Gabe Vincent,MIA,40,0,40,36,7,0,100,94.7,18.4
557,Nikola Vucevic,CHI,231,25,206,206,130,10.8,89.2,96.3,60.7
558,Dean Wade,CLE,37,0,37,32,9,0,100,100,28.1
559,Franz Wagner,ORL,41,2,39,37,14,4.9,95.1,97.4,36.8
560,Moritz Wagner,ORL,91,9,82,75,28,9.9,90.1,94.9,35.4
561,Ish Wainright,PHO,21,3,18,17,4,14.3,85.7,100,23.5
562,Kemba Walker,NYK,5,0,5,5,1,0,100,100,20
563,Lonnie Walker IV,SAS,11,0,11,10,1,0,100,100,10
564,M.J. Walker,PHO,0,0,0,0,0,0,0,0,0
565,Tyrone Wallace,NOP,0,0,0,0,0,0,0,0,0
566,Derrick Walton,DET,0,0,0,0,0,0,0,0,0
567,Brad Wanamaker,TOT,5,0,5,4,0,0,100,80,0
567,Brad Wanamaker,IND,4,0,4,3,0,0,100,75,0
567,Brad Wanamaker,WAS,1,0,1,1,0,0,100,100,0
568,Duane Washington Jr.,IND,11,0,11,11,3,0,100,100,27.3
569,P.J. Washington,CHO,99,14,85,81,45,14.1,85.9,96.4,53.6
570,Yuta Watanabe,TOR,15,0,15,15,3,0,100,100,20
571,Lindy Waters III,OKC,13,0,13,11,2,0,100,100,18.2
572,Tremont Waters,TOT,2,0,2,2,1,0,100,100,50
572,Tremont Waters,TOR,1,0,1,1,1,0,100,100,100
572,Tremont Waters,WAS,1,0,1,1,0,0,100,100,0
573,Trendon Watford,POR,40,7,33,32,16,17.5,82.5,97,48.5
574,Paul Watson,OKC,2,0,2,1,1,0,100,50,50
575,Quinndary Weatherspoon,GSW,2,0,2,2,2,0,100,100,100
576,Russell Westbrook,LAL,58,21,37,51,38,36.2,63.8,94.4,70.4
577,Coby White,CHI,15,0,15,15,8,0,100,100,53.3
578,Derrick White,TOT,34,0,34,29,5,0,100,96.7,16.7
578,Derrick White,BOS,12,0,12,12,3,0,100,100,25
578,Derrick White,SAS,22,0,22,17,2,0,100,94.4,11.1
579,Hassan Whiteside,UTA,93,60,33,81,66,64.5,35.5,93.1,75.9
580,Joe Wieskamp,SAS,3,0,3,3,1,0,100,100,33.3
581,Aaron Wiggins,OKC,24,1,23,22,9,4.2,95.8,95.7,39.1
582,Andrew Wiggins,GSW,49,8,41,44,16,16.3,83.7,97.8,35.6
583,Lindell Wigginton,MIL,1,1,0,1,1,100,0,100,100
584,Brandon Williams,POR,8,0,8,8,3,0,100,100,37.5
585,Grant Williams,BOS,115,13,102,90,31,11.3,88.7,91.8,31.6
586,Kenrich Williams,OKC,41,12,29,32,16,29.3,70.7,97,48.5
587,Lou Williams,ATL,17,1,16,17,4,5.9,94.1,100,23.5
588,Patrick Williams,CHI,15,3,12,12,7,20,80,100,58.3
589,Robert Williams,BOS,120,50,70,110,88,41.7,58.3,98.2,78.6
590,Ziaire Williams,MEM,14,0,14,12,3,0,100,100,25
591,D.J. Wilson,TOR,2,0,2,2,1,0,100,100,50
592,Dylan Windler,CLE,3,1,2,3,2,33.3,66.7,100,66.7
593,Justise Winslow,TOT,25,4,21,21,8,16,84,95.5,36.4
593,Justise Winslow,LAC,18,2,16,14,5,11.1,88.9,93.3,33.3
593,Justise Winslow,POR,7,2,5,7,3,28.6,71.4,100,42.9
594,Cassius Winston,WAS,0,0,0,0,0,0,0,0,0
595,Christian Wood,HOU,96,17,79,82,49,17.7,82.3,97.6,58.3
596,Robert Woodard II,SAC,1,0,1,1,0,0,100,100,0
597,Delon Wright,ATL,26,3,23,22,5,11.5,88.5,95.7,21.7
598,McKinley Wright IV,MIN,0,0,0,0,0,0,0,0,0
599,Moses Wright,TOT,0,0,0,0,0,0,0,0,0
599,Moses Wright,DAL,0,0,0,0,0,0,0,0,0
599,Moses Wright,LAC,0,0,0,0,0,0,0,0,0
600,Gabe York,IND,0,0,0,0,0,0,0,0,0
601,Thaddeus Young,TOT,53,7,46,42,20,13.2,86.8,95.5,45.5
601,Thaddeus Young,SAS,36,5,31,27,10,13.9,86.1,100,37
601,Thaddeus Young,TOR,17,2,15,15,10,11.8,88.2,88.2,58.8
602,Trae Young,ATL,10,0,10,8,2,0,100,88.9,22.2
603,Omer Yurtseven,MIA,75,30,45,67,49,40,60,97.1,71
604,Cody Zeller,POR,37,13,24,31,20,35.1,64.9,96.9,62.5
605,Ivica Zubac,LAC,198,66,132,183,126,33.3,66.7,98.9,68.1
